Date,AQI,Temperature,Humidity,Pressure,PM2.5,VOC,DustDensity,CO,NO2,NH3,GPSLat,GPSLon,FanState,AQI_next,PM25_next,Temperature_next
2025-06-03T10:50:19.228Z,91,28.12745,61.19638,914.63,24.21245,38.39141,176.6667,1.824144,164.1264,150.7284,0,0,0,96,26.50916,28.14833
2025-06-03T10:50:49.539Z,96,28.14833,60.78993,914.62,26.50916,36.54684,134.7619,1.840714,160.8423,147.7123,0,0,0,98,27.51648,28.19105
2025-06-03T10:51:20.554Z,98,28.19105,60.64468,914.61,27.51648,35.50138,196.8132,1.583472,158.6714,145.7187,0,0,0,77,17.10257,28.21637
2025-06-03T10:51:51.803Z,77,28.21637,60.52982,914.63,17.10257,34.81448,171.0257,1.630053,158.6516,145.7005,0,0,0,51,8.560438,28.24801
2025-06-03T10:52:22.516Z,51,28.24801,60.62697,914.6,8.560438,34.76543,0,1.711484,161.3,148.1327,0,0,0,47,7.732603,28.27586
2025-06-03T10:52:52.826Z,47,28.27586,60.44659,914.6,7.732603,34.43914,74.32236,1.88392,156.8122,144.0112,0,0,0,99,27.55677,28.25687
2025-06-03T10:53:22.933Z,99,28.25687,60.4437,914.6,27.55677,33.95998,258.8645,1.931176,156.6318,143.8455,0,0,0,60,10.89744,28.30149
2025-06-03T10:53:53.242Z,60,28.30149,60.34506,914.59,10.89744,33.11568,0,1.652577,155.8327,143.1117,0,0,0,98,27.51648,28.35845
2025-06-03T10:54:58.986Z,98,28.35845,60.34713,914.64,27.51648,32.64585,95.27473,1.727711,156.5279,143.7501,0,0,0,90,23.48718,28.40402
2025-06-03T10:55:29.502Z,90,28.40402,60.51224,914.64,23.48718,32.78816,150.4762,1.625336,155.4737,142.782,0,0,0,83,19.98169,28.42585
2025-06-03T10:55:59.705Z,83,28.42585,60.59471,914.63,19.98169,33.14667,23.15019,1.650174,155.9209,143.1927,0,0,0,15,0,28.44927
2025-06-03T10:56:29.916Z,15,28.44927,60.61147,914.66,0,34.20133,0,1.471413,157.7151,144.8404,0,0,0,64,11.72161,28.50338
2025-06-03T10:57:00.023Z,64,28.50338,60.48121,914.71,11.72161,34.03355,49.74358,1.570291,157.899,145.0093,0,0,0,73,15.20879,28.53123
2025-06-03T10:57:30.129Z,73,28.53123,60.4393,914.69,15.20879,34.21573,0,1.672663,161.7166,148.5152,0,0,0,81,19.45787,28.55907
2025-06-03T10:58:00.435Z,81,28.55907,60.35127,914.69,19.45787,33.45987,104.945,1.603268,156.9023,144.094,0,0,0,59,10.55311,28.58629
2025-06-03T10:58:30.744Z,59,28.58629,60.11831,914.7,10.55311,33.16199,32.8205,1.698341,158.6847,145.7309,0,0,0,127,39.88645,28.65812
2025-06-03T10:59:01.160Z,127,28.65812,61.3044,914.66,39.88645,33.67819,220.989,1.681708,160.1834,147.1072,0,0,1,52,8.84249,28.77394
2025-06-03T10:59:31.575Z,52,28.77394,60.48292,914.66,8.84249,33.45995,0,1.522545,160.5723,147.4644,0,0,0,48,7.956044,28.95811
2025-06-03T11:00:01.882Z,48,28.95811,61.42358,914.61,7.956044,33.73791,79.56044,1.607492,159.0385,146.0558,0,0,0,33,4.208793,28.95336
2025-06-03T11:00:32.120Z,33,28.95336,59.31304,914.57,4.208793,33.49781,42.08792,1.494389,154.6503,142.0258,0,0,0,67,12.63004,28.85875
2025-06-03T11:01:02.607Z,67,28.85875,59.75179,914.56,12.63004,34.25894,126.3004,1.572234,158.801,145.8376,0,0,0,75,16.15384,29.51284
2025-06-03T11:04:08.256Z,75,29.51284,57.76262,914.52,16.15384,32.30931,144.8352,1.760099,156.7732,143.9754,0,0,0,29,3.443224,29.55303
2025-06-03T11:04:38.565Z,29,29.55303,57.51471,914.49,3.443224,32.14668,34.43224,1.790886,158.31,145.3868,0,0,0,36,4.934065,29.49101
2025-06-03T11:05:08.974Z,36,29.49101,57.52505,914.51,4.934065,31.66629,0,1.66811,157.6536,144.7839,0,0,0,38,5.457876,29.38784
2025-06-03T11:05:39.100Z,38,29.38784,57.59439,914.52,5.457876,31.53134,54.57876,1.847741,157.0282,144.2095,0,0,0,52,8.78022,29.22551
2025-06-03T11:06:09.210Z,52,29.22551,57.98063,914.5,8.78022,31.8666,50.95239,2.198122,160.5677,147.4601,0,0,0,77,17.5641,29.1907
2025-06-03T11:06:39.403Z,77,29.1907,58.04065,914.51,17.5641,32.00718,163.37,2.096891,160.3733,147.2816,0,0,0,31,3.765566,28.97393
2025-06-03T11:08:25.586Z,31,28.97393,58.7659,914.48,3.765566,33.19277,0,1.92059,166.2029,152.6353,0,0,0,67,12.60806,28.9771
2025-06-03T11:08:55.995Z,67,28.9771,58.72059,914.46,12.60806,32.61399,73.51647,1.971584,164.805,151.3515,0,0,0,49,8.135532,28.93153
2025-06-03T11:09:40.536Z,49,28.93153,59.41472,914.49,8.135532,33.51731,13.8828,1.69949,163.3052,149.9741,0,0,0,41,6.30403,28.91634
2025-06-03T11:10:10.751Z,41,28.91634,58.96671,914.48,6.30403,31.69134,0,1.786015,162.4582,149.1963,0,0,0,36,5.073257,28.94545
2025-06-03T11:10:41.115Z,36,28.94545,58.87941,914.47,5.073257,31.39534,41.68497,1.826196,160.219,147.1399,0,0,0,66,12.28572,28.81476
2025-06-03T11:11:56.938Z,66,28.81476,59.16762,914.5,12.28572,31.45508,73.91943,1.978124,159.3575,146.3487,0,0,0,79,18.43223,28.87014
2025-06-03T11:12:27.248Z,79,28.87014,59.10386,914.48,18.43223,31.69129,0,1.897814,161.2578,148.0939,0,0,0,26,2.575093,28.91507
2025-06-03T11:12:57.362Z,26,28.91507,58.95996,914.48,2.575093,31.8998,3.003669,1.716034,159.5563,146.5313,0,0,0,83,20.04396,28.89767
2025-06-03T11:13:27.563Z,83,28.89767,58.93116,914.48,20.04396,32.09756,200.4396,1.731265,160.6277,147.5152,0,0,0,15,0,28.88343
2025-06-03T11:13:58.001Z,15,28.88343,58.9945,914.47,0,32.30923,0,1.751167,164.2084,150.8036,0,0,0,74,15.91209,28.8578
2025-06-03T11:14:28.389Z,74,28.8578,59.08892,914.5,15.91209,32.16285,80.36629,1.645856,162.2306,148.9873,0,0,0,126,39.64469,28.86729
2025-06-03T11:14:58.806Z,126,28.86729,59.09688,914.51,39.64469,32.43825,66.66667,1.72314,164.0201,150.6307,0,0,1,73,15.49084,28.86413
2025-06-03T11:15:29.316Z,73,28.86413,59.22092,914.52,15.49084,32.42211,154.9084,1.827258,164.8696,151.4108,0,0,0,100,28.32235,28.89071
2025-06-03T11:15:59.543Z,100,28.89071,59.22492,914.5,28.32235,32.44623,84.3956,1.72067,163.1208,149.8048,0,0,0,75,16.21612,28.90147
2025-06-03T11:16:29.731Z,75,28.90147,59.20032,914.52,16.21612,32.72499,0,1.880774,166.4337,152.8473,0,0,0,15,0,28.89577
2025-06-03T11:17:47.556Z,15,28.89577,59.56688,914.57,0,33.92322,0,1.518778,171.5815,157.5748,0,0,0,78,17.94872,28.76381
2025-06-03T11:19:42.156Z,78,28.76381,59.64546,914.59,17.94872,32.32547,179.4872,1.713799,162.6463,149.369,0,0,0,16,0.358974,28.68913
2025-06-03T11:20:12.348Z,16,28.68913,59.66047,914.62,0.358974,32.02361,0.183147,1.563541,158.9586,145.9823,0,0,0,88,22.47985,28.66381
2025-06-03T11:20:42.665Z,88,28.66381,59.78803,914.61,22.47985,32.27687,174.2491,1.556876,157.8998,145.01,0,0,0,76,17,28.65812
2025-06-03T11:21:12.970Z,76,28.65812,59.90551,914.61,17,32.18743,63.84615,1.587676,157.7551,144.8771,0,0,0,77,17.42491,28.67806
2025-06-03T11:21:43.279Z,77,28.67806,59.9743,914.63,17.42491,32.57425,0,1.722635,163.0363,149.7272,0,0,0,109,32.35165,28.68312
2025-06-03T11:22:13.794Z,109,28.68312,60.02112,914.63,32.35165,32.32539,111.3919,1.665878,161.3117,148.1434,0,0,1,54,9.285713,28.67996
2025-06-03T11:22:44.108Z,54,28.67996,60.02722,914.64,9.285713,32.05659,0,1.598635,159.3787,146.3682,0,0,0,92,24.25274,28.7135
2025-06-03T11:23:14.622Z,92,28.7135,60.03889,914.64,24.25274,32.31733,189.5604,1.535177,161.2617,148.0975,0,0,0,31,3.846155,28.7173
2025-06-03T11:23:45.342Z,31,28.7173,59.98683,914.64,3.846155,31.51442,0,1.486187,159.1985,146.2027,0,0,0,33,4.410256,28.75306
2025-06-03T11:24:15.860Z,33,28.75306,60.03831,914.65,4.410256,32.27656,44.10256,1.502972,163.4804,150.1351,0,0,0,83,20.18315,28.81413
2025-06-03T11:25:13.201Z,83,28.81413,59.77791,914.59,20.18315,31.59032,150.0733,1.957336,168.1635,154.4359,0,0,0,44,6.989012,28.74957
2025-06-03T11:25:43.812Z,44,28.74957,59.53824,914.59,6.989012,31.19801,69.89012,1.793215,162.4235,149.1644,0,0,0,59,10.51282,28.74609
2025-06-03T11:26:14.235Z,59,28.74609,59.45239,914.6,10.51282,30.93731,49.34065,1.872094,161.6418,148.4466,0,0,0,76,16.78022,28.67236
2025-06-03T11:26:44.597Z,76,28.67236,59.30354,914.58,16.78022,29.92766,167.8022,1.809877,155.7101,142.9991,0,0,0,27,2.798535,28.61603
2025-06-03T11:27:18.838Z,27,28.61603,59.44592,914.58,2.798535,29.74079,0,0.994228,159.9111,146.8571,0,0,0,74,15.91209,28.57774
2025-06-03T11:27:49.559Z,74,28.57774,59.45985,914.58,15.91209,29.08122,13.8828,0.963087,157.3628,144.5168,0,0,0,30,3.52381,28.56477
2025-06-03T11:28:20.284Z,30,28.56477,59.62197,914.59,3.52381,29.20692,35.2381,0.973651,154.6539,142.0291,0,0,0,89,23.04396,28.55591
2025-06-03T11:28:51.208Z,89,28.55591,59.58125,914.58,23.04396,28.73118,199.2308,2.086784,156.855,144.0505,0,0,0,56,9.747252,28.57236
2025-06-03T11:29:21.612Z,56,28.57236,59.59687,914.58,9.747252,28.94421,93.26006,0.988962,156.5099,143.7336,0,0,0,94,25.62271,28.30434
2025-06-03T11:31:22.967Z,94,28.30434,60.563,914.58,25.62271,31.97188,131.1355,1.774179,159.7906,146.7465,0,0,0,15,0,28.44515
2025-06-03T11:31:53.480Z,15,28.44515,60.01795,914.56,0,30.54762,0,1.541669,162.4182,149.1595,0,0,0,53,9.102564,28.4673
2025-06-03T11:32:24.199Z,53,28.4673,59.94896,914.57,9.102564,30.36751,17.10622,1.002439,161.1055,147.954,0,0,0,86,21.43224,28.49673
2025-06-03T11:32:54.718Z,86,28.49673,59.97314,914.56,21.43224,30.75208,47.32601,0.996909,162.2994,149.0505,0,0,0,82,19.53846,28.51414
2025-06-03T11:33:25.230Z,82,28.51414,59.96263,914.58,19.53846,30.57448,52.5641,0.978434,163.0853,149.7722,0,0,0,117,35.77656,28.51667
2025-06-03T11:33:55.745Z,117,28.51667,60.00248,914.58,35.77656,30.87585,142.8205,1.071401,160.4025,147.3084,0,0,1,124,38.87912,28.54293
2025-06-03T11:34:26.149Z,124,28.54293,59.96698,914.58,38.87912,31.1289,175.0549,1.000894,158.8315,145.8657,0,0,1,80,18.81319,28.5404
2025-06-03T11:34:56.665Z,80,28.5404,60.01923,914.59,18.81319,31.28414,99.30403,0.939988,156.9211,144.1112,0,0,0,72,15.12821,28.5461
2025-06-03T11:35:27.180Z,72,28.5461,60.09905,914.58,15.12821,31.8913,0,1.529319,155.3598,142.6773,0,0,0,80,18.85348,28.56477
2025-06-03T11:36:00.460Z,80,28.56477,60.18745,914.58,18.85348,31.8915,170.6227,0.938556,158.6151,145.6669,0,0,0,71,14.663,28.51003
2025-06-03T11:36:30.984Z,71,28.51003,60.40971,914.6,14.663,31.9825,8.241755,0.914762,157.3628,144.5168,0,0,0,62,11.27839,28.50338
2025-06-03T11:37:01.592Z,62,28.50338,60.52078,914.61,11.27839,31.22402,77.54578,0.932714,154.9214,142.2747,0,0,0,22,1.79121,28.51541
2025-06-03T11:37:32.313Z,22,28.51541,60.50284,914.61,1.79121,31.01584,0,0.881666,154.5661,141.9485,0,0,0,78,17.88645,28.52332
2025-06-03T11:38:02.828Z,78,28.52332,60.4381,914.63,17.88645,30.47583,47.32601,0.929805,151.4916,139.1249,0,0,0,16,0.34066,28.52901
2025-06-03T11:38:33.454Z,16,28.52901,60.44556,914.63,0.34066,30.50268,3.406596,0.823893,150.3999,138.1224,0,0,0,76,16.91941,28.52458
2025-06-03T11:39:03.969Z,76,28.52458,60.49763,914.67,16.91941,30.70811,28.7912,1.396479,151.6327,139.2545,0,0,0,29,3.300365,28.51762
2025-06-03T11:39:34.373Z,29,28.51762,60.43065,914.67,3.300365,31.05078,4.212451,0.86872,148.7021,136.5632,0,0,0,34,4.450549,28.52395
2025-06-03T11:40:05.205Z,34,28.52395,60.37888,914.69,4.450549,31.05074,44.50549,0.945946,150.3392,138.0666,0,0,0,36,5.032968,28.52332
2025-06-03T11:40:35.720Z,36,28.52332,60.31948,914.66,5.032968,30.90223,47.32601,0.881666,147.9351,135.8588,0,0,0,27,2.919413,28.48471
2025-06-03T11:41:41.053Z,27,28.48471,60.3202,914.68,2.919413,31.2326,0,0.851093,148.4288,136.3122,0,0,0,58,10.31136,28.24611
2025-06-03T11:43:40.747Z,58,28.24611,61.41975,914.69,10.31136,37.16617,87.21612,1.322856,144.9208,133.0905,0,0,0,43,6.747252,28.36415
2025-06-03T11:44:11.373Z,43,28.36415,60.49298,914.69,6.747252,31.66606,67.47253,0.84956,146.9878,134.9888,0,0,0,80,18.83516,28.48376
2025-06-03T11:44:42.094Z,80,28.48376,60.23442,914.61,18.83516,31.641,0,0.983483,148.2318,136.1312,0,0,0,23,1.992674,28.58724
2025-06-03T11:45:12.255Z,23,28.58724,59.85533,914.6,1.992674,31.8583,19.92674,0.834596,143.6625,131.935,0,0,0,114,34.68864,28.66698
2025-06-03T11:45:42.920Z,114,28.66698,59.65711,914.61,34.68864,31.99887,144.0293,0.764034,140.6183,129.1393,0,0,1,88,22.52015,28.73185
2025-06-03T11:46:13.435Z,88,28.73185,59.29938,914.61,22.52015,32.06472,153.2967,0.851172,142.7101,131.0603,0,0,0,55,9.666669,28.76508
2025-06-03T11:46:44.360Z,55,28.76508,59.17327,914.61,9.666669,32.11384,66.66667,0.883284,144.5271,132.729,0,0,0,59,10.5348,28.7866
2025-06-03T11:47:14.967Z,59,28.7866,59.01273,914.61,10.5348,32.2686,105.348,0.95973,145.9567,134.0419,0,0,0,25,2.395604,28.79324
2025-06-03T11:47:45.602Z,25,28.79324,58.8828,914.6,2.395604,32.29307,23.95604,0.957948,146.7491,134.7696,0,0,0,81,19.01465,28.79799
2025-06-03T11:48:16.325Z,81,28.79799,58.68076,914.62,19.01465,32.23616,122.674,0.973411,147.1696,135.1557,0,0,0,60,10.79487,28.79831
2025-06-03T11:48:46.718Z,60,28.79831,58.67426,914.59,10.79487,32.25243,75.12821,0.976646,146.6996,134.7242,0,0,0,40,6.040292,28.79356
2025-06-03T11:49:17.234Z,40,28.79356,58.61473,914.64,6.040292,32.26063,41.68497,1.768927,146.9325,134.9381,0,0,0,24,2.234433,28.79482
2025-06-03T11:49:48.066Z,24,28.79482,58.62799,914.63,2.234433,32.32547,22.34433,0.878415,146.5945,134.6276,0,0,0,37,5.175824,28.79926
2025-06-03T11:50:18.468Z,37,28.79926,58.64825,914.62,5.175824,32.26873,51.75824,0.90142,142.6828,131.0352,0,0,0,60,10.87546,28.79451
2025-06-03T11:50:49.199Z,60,28.79451,58.73908,914.63,10.87546,32.25243,16.30036,0.868715,147.013,135.012,0,0,0,82,19.69963,28.79514
2025-06-03T11:51:19.820Z,82,28.79514,58.60843,914.61,19.69963,32.06472,159.7436,0.875881,148.3615,136.2504,0,0,0,114,35.09157,28.79989
2025-06-03T11:51:50.218Z,114,28.79989,58.56339,914.62,35.09157,32.18735,221.7949,0.925007,145.6346,133.7461,0,0,1,76,16.82051,28.79546
2025-06-03T11:52:20.847Z,76,28.79546,58.52354,914.61,16.82051,32.34966,0,0.897188,142.6353,130.9915,0,0,0,146,47.62271,28.79546
2025-06-03T11:52:51.566Z,146,28.79546,58.41252,914.59,47.62271,32.46228,232.2711,0.99561,149.7976,137.5692,0,0,1,112,33.84249,28.79767
2025-06-03T11:53:21.969Z,112,28.79767,58.31493,914.57,33.84249,32.5104,89.23076,0.96433,146.9383,134.9434,0,0,1,15,0,28.79419
2025-06-03T11:53:55.351Z,15,28.79419,58.29485,914.6,0,32.69333,0,0.865616,147.8062,135.7404,0,0,0,86,21.67399,28.78027
2025-06-03T11:54:25.981Z,86,28.78027,58.27972,914.58,21.67399,32.91368,171.4286,0.92455,146.6475,134.6763,0,0,0,56,9.827837,28.78818
2025-06-03T11:54:56.495Z,56,28.78818,58.307,914.6,9.827837,32.98382,52.5641,0.844767,146.271,134.3305,0,0,0,43,6.787546,28.78786
2025-06-03T11:55:27.009Z,43,28.78786,58.2939,914.61,6.787546,33.07706,67.87546,0.899802,148.402,136.2875,0,0,0,35,4.692308,28.78248
2025-06-03T11:55:57.617Z,35,28.78248,58.21482,914.61,4.692308,33.03831,46.92308,0.968325,150.0587,137.809,0,0,0,27,2.838827,28.779
2025-06-03T11:56:29.270Z,27,28.779,58.22083,914.61,2.838827,33.13114,0,0.953101,142.5159,130.8819,0,0,0,56,9.827837,28.77774
2025-06-03T11:56:59.784Z,56,28.77774,58.24673,914.62,9.827837,33.3536,88.82783,0.931063,147.8925,135.8196,0,0,0,60,10.83516,28.77742
2025-06-03T11:57:30.298Z,60,28.77742,58.26625,914.63,10.83516,33.23121,46.92308,0.893303,147.5311,135.4877,0,0,0,47,7.611721,28.77362
2025-06-03T11:58:00.813Z,47,28.77362,58.33746,914.63,7.611721,33.23886,35.64103,0.946195,148.3001,136.1939,0,0,0,48,7.875459,28.77078
2025-06-03T11:58:31.329Z,48,28.77078,58.36967,914.65,7.875459,33.12343,78.75459,0.941624,146.3785,134.4292,0,0,0,53,9.043957,28.76286
2025-06-03T11:59:02.050Z,53,28.76286,58.42724,914.63,9.043957,32.62994,90.43957,0.93117,148.754,136.6108,0,0,0,47,7.692307,28.75843
2025-06-03T11:59:32.564Z,47,28.75843,58.4919,914.64,7.692307,32.55812,37.25274,1.000777,149.8983,137.6617,0,0,0,26,2.758242,28.74957
2025-06-03T12:00:03.080Z,26,28.74957,58.5167,914.64,2.758242,32.4622,27.58242,1.014587,148.1988,136.101,0,0,0,31,3.86447,28.74166
2025-06-03T12:00:33.800Z,31,28.74166,58.70503,914.61,3.86447,32.70916,13.8828,0.993822,149.7015,137.481,0,0,0,56,9.890111,28.73343
2025-06-03T12:01:04.109Z,56,28.73343,58.90003,914.63,9.890111,32.33349,0,0.933807,149.9928,137.7485,0,0,0,46,7.45055,28.72394
2025-06-03T12:01:34.513Z,46,28.72394,59.03608,914.65,7.45055,32.23624,44.10256,1.123933,150.3856,138.1092,0,0,0,88,22.68132,28.71223
2025-06-03T12:02:05.233Z,88,28.71223,59.16534,914.64,22.68132,32.0237,162.5641,1.643239,150.6674,138.368,0,0,0,81,19.2967,28.704
2025-06-03T12:02:36.188Z,81,28.704,59.26896,914.64,19.2967,31.83339,48.13187,0.956313,149.2032,137.0233,0,0,0,28,3.000001,28.68882
2025-06-03T12:03:06.785Z,28,28.68882,59.53565,914.62,3.000001,31.74155,30.00001,0.9445,149.0066,136.8427,0,0,0,22,1.670329,28.68217
2025-06-03T12:03:37.301Z,22,28.68217,59.5806,914.63,1.670329,31.80846,0,0.904754,148.8457,136.695,0,0,0,76,17,28.67806
2025-06-03T12:04:08.010Z,76,28.67806,59.73761,914.64,17,32.5021,135.9707,1.062335,152.7847,140.3125,0,0,0,87,21.93773,28.66224
2025-06-03T12:04:38.628Z,87,28.66224,59.78123,914.64,21.93773,32.06472,219.3773,1.168617,156.7424,143.9471,0,0,0,39,5.677655,28.65717
2025-06-03T12:05:09.143Z,39,28.65717,59.7936,914.64,5.677655,31.8168,56.5934,1.433797,152.7996,140.3262,0,0,0,68,13.19414,28.64863
2025-06-03T12:05:39.769Z,68,28.64863,59.98957,914.65,13.19414,31.9164,131.9414,1.429069,153.8968,141.3338,0,0,0,51,8.681319,28.64103
2025-06-03T12:06:10.173Z,51,28.64103,60.08712,914.68,8.681319,32.13842,0,2.134127,158.3462,145.42,0,0,0,86,21.47253,28.6347
2025-06-03T12:06:40.596Z,86,28.6347,60.07301,914.67,21.47253,31.73331,95.67766,1.086066,157.5291,144.6696,0,0,0,37,5.216117,28.62901
2025-06-03T12:07:11.113Z,37,28.62901,60.13795,914.67,5.216117,31.41245,0,1.005904,157.8524,144.9665,0,0,0,43,6.765568,28.62964
2025-06-03T12:07:41.513Z,43,28.62964,60.25659,914.68,6.765568,31.25845,5.421233,0.922725,156.2362,143.4823,0,0,0,16,0.260074,28.63091
2025-06-03T12:08:12.553Z,16,28.63091,60.27655,914.68,0.260074,31.48054,2.600741,0.968278,155.3979,142.7124,0,0,0,85,20.90842,28.62806
2025-06-03T12:08:42.954Z,85,28.62806,60.25636,914.68,20.90842,31.54827,196.8132,1.014696,154.2547,141.6625,0,0,0,64,11.84249,28.62584
2025-06-03T12:09:13.234Z,64,28.62584,60.28236,914.71,11.84249,31.72484,66.66667,1.059643,155.999,143.2644,0,0,0,72,15.10623,28.62964
2025-06-03T12:09:43.686Z,72,28.62964,60.31589,914.67,15.10623,32.05659,18.71796,0.912927,152.1523,139.7317,0,0,0,85,21.31136,28.63186
2025-06-03T12:10:14.090Z,85,28.63186,60.46783,914.69,21.31136,33.24644,126.3004,1.035596,157.8104,144.9279,0,0,0,166,56.28572,28.6347
2025-06-03T12:10:44.583Z,166,28.6347,60.34961,914.71,56.28572,33.3536,182.3077,1.048681,158.2683,145.3484,0,0,1,61,11.11722,28.63502
2025-06-03T12:11:15.230Z,61,28.63502,60.21131,914.7,11.11722,33.91596,28.7912,0.97835,154.6109,141.9896,0,0,0,79,18.41026,28.63122
2025-06-03T12:11:45.635Z,79,28.63122,60.21073,914.72,18.41026,34.41761,154.9084,0.953101,153.9282,141.3626,0,0,0,48,8.03663,28.63059
2025-06-03T12:12:16.467Z,48,28.63059,60.17772,914.73,8.03663,35.10612,80.36629,1.007163,155.9011,143.1745,0,0,0,40,6.040296,28.62648
2025-06-03T12:12:46.982Z,40,28.62648,60.11125,914.72,6.040296,35.22298,50.54946,1.042035,156.017,143.2809,0,0,0,75,16.41758,28.62236
2025-06-03T12:13:17.384Z,75,28.62236,59.82777,914.75,16.41758,34.69505,164.1758,1.034764,155.1375,142.4733,0,0,0,47,7.633699,28.6192
2025-06-03T12:13:48.311Z,47,28.6192,59.81415,914.74,7.633699,34.61021,76.33699,0.944982,154.0078,141.4358,0,0,0,15,0,28.6135
2025-06-03T12:14:18.940Z,15,28.6135,59.76072,914.75,0,34.51061,0,1.607761,155.7955,143.0775,0,0,0,92,24.65568,28.6116
2025-06-03T12:14:49.340Z,92,28.6116,59.66188,914.75,24.65568,34.60309,195.2015,1.836281,153.3987,140.8764,0,0,0,60,10.91575,28.60622
2025-06-03T12:15:19.967Z,60,28.60622,59.62823,914.76,10.91575,34.58159,95.67766,1.389696,152.1429,139.723,0,0,0,112,34.16483,28.6018
2025-06-03T12:15:50.485Z,112,28.6018,59.31261,914.76,34.16483,34.30976,181.5018,1.763322,153.6874,141.1415,0,0,1,74,15.97436,28.5961
2025-06-03T12:16:20.885Z,74,28.5961,59.14137,914.76,15.97436,34.28093,0,1.076877,151.6317,139.2536,0,0,0,73,15.24908,28.59167
2025-06-03T12:16:51.718Z,73,28.59167,59.02936,914.77,15.24908,34.30253,0,1.175856,155.2094,142.5393,0,0,0,108,32.0293,28.58914
2025-06-03T12:17:22.235Z,108,28.58914,58.97662,914.78,32.0293,34.30262,231.0622,1.173061,154.2016,141.6137,0,0,1,36,5.054946,28.57964
2025-06-03T12:17:52.749Z,36,28.57964,58.88358,914.8,5.054946,34.14319,50.54946,1.157339,152.0064,139.5977,0,0,0,78,17.68498,28.57426
2025-06-03T12:18:23.263Z,78,28.57426,58.72583,914.8,17.68498,33.85682,89.23076,1.134729,152.5244,140.0734,0,0,0,82,19.49817,28.56794
2025-06-03T12:18:53.387Z,82,28.56794,58.41134,914.79,19.49817,33.54305,119.8535,1.242633,151.6507,139.2711,0,0,0,67,12.34799,28.56445
2025-06-03T12:19:24.091Z,67,28.56445,58.10429,914.78,12.34799,33.51287,123.4799,1.229111,152.543,140.0905,0,0,0,87,22.27839,28.56192
2025-06-03T12:19:54.809Z,87,28.56192,58.15607,914.78,22.27839,33.58077,26.37364,1.208584,151.6259,139.2483,0,0,0,101,28.84616,28.55717
2025-06-03T12:20:25.324Z,101,28.55717,58.11625,914.78,28.84616,33.73783,187.9487,1.17229,151.6785,139.2966,0,0,1,59,10.51282,28.548
2025-06-03T12:20:55.840Z,59,28.548,58.16052,914.79,10.51282,33.89373,29.19413,1.109047,150.4817,138.1975,0,0,0,76,16.71795,28.54452
2025-06-03T12:21:26.354Z,76,28.54452,57.97105,914.79,16.71795,34.2013,14.28573,1.166786,151.5102,139.142,0,0,0,76,16.95971,28.53914
2025-06-03T12:21:57.074Z,76,28.53914,57.90514,914.79,16.95971,34.30979,28.7912,1.248409,153.5769,141.04,0,0,0,87,22.07692,28.53218
2025-06-03T12:22:27.590Z,87,28.53218,57.87158,914.81,22.07692,34.52489,197.2161,1.252496,153.8971,141.3341,0,0,0,60,10.77656,28.52838
2025-06-03T12:22:58.312Z,60,28.52838,57.69535,914.81,10.77656,34.55337,0,1.340416,154.5016,141.8892,0,0,0,87,22.07692,28.52427
2025-06-03T12:23:28.826Z,87,28.52427,57.55172,914.81,22.07692,34.58176,131.5385,1.192624,150.6771,138.3769,0,0,0,34,4.490842,28.51699
2025-06-03T12:23:59.339Z,34,28.51699,57.63515,914.82,4.490842,34.65273,44.90842,1.170747,150.4361,138.1556,0,0,0,119,36.62271,28.5192
2025-06-03T12:24:30.061Z,119,28.5192,57.54448,914.84,36.62271,34.51768,183.5165,2.132777,152.8479,140.3706,0,0,1,32,4.168497,28.51509
2025-06-03T12:25:00.223Z,32,28.51509,57.64788,914.85,4.168497,34.4821,0,1.248131,147.1768,135.1624,0,0,0,43,6.626375,28.51762
2025-06-03T12:25:30.886Z,43,28.51762,57.67426,914.88,6.626375,34.46783,0,1.120162,150.87,138.554,0,0,0,44,6.886449,28.51541
2025-06-03T12:26:01.493Z,44,28.51541,57.69345,914.88,6.886449,34.4249,25.97071,1.065952,149.8489,137.6164,0,0,0,135,43.15018,28.51888
2025-06-03T12:26:32.121Z,135,28.51888,57.79802,914.92,43.15018,34.56757,340.6593,1.202077,150.5744,138.2826,0,0,1,57,10.17216,28.51857
2025-06-03T12:27:03.180Z,57,28.51857,57.90211,914.89,10.17216,34.76526,101.7216,1.953701,150.8017,138.4913,13.00850533,77.4479795,0,96,26.38828,28.51888
2025-06-03T12:27:33.825Z,96,28.51888,57.92168,914.89,26.38828,34.89153,209.304,1.829253,150.8999,138.5815,13.00850433,77.44791833,0,107,31.78755,28.5249
2025-06-03T12:28:04.689Z,107,28.5249,57.92258,914.92,31.78755,34.80046,127.9121,1.945344,151.2245,138.8797,13.00849983,77.44791217,1,83,20.08425,28.52268
2025-06-03T12:28:35.460Z,83,28.52268,58.01343,914.92,20.08425,34.84953,200.8425,1.859731,152.8029,140.3292,13.00851517,77.44787717,0,98,27.15384,28.5268
2025-06-03T12:29:06.308Z,98,28.5268,58.00751,914.94,27.15384,34.80753,222.6007,2.446866,153.2217,140.7138,13.00852517,77.447826,0,113,34.56777,28.52268
2025-06-03T12:29:37.268Z,113,28.52268,58.09812,914.96,34.56777,34.96103,162.1612,1.753547,154.0303,141.4564,13.008516,77.44782383,1,15,0,28.52996
2025-06-03T12:30:10.824Z,15,28.52996,58.09267,915,0,34.9818,0,1.244259,158.6665,145.7142,13.00850467,77.4477775,0,138,44.35898,28.5192
2025-06-03T12:30:41.350Z,138,28.5192,58.08456,914.99,44.35898,35.57529,234.6886,2.204899,158.6671,145.7147,13.00849983,77.44784617,1,80,18.97436,28.52363
2025-06-03T12:31:11.971Z,80,28.52363,58.09174,914.99,18.97436,35.83486,131.5385,1.776593,156.4787,143.705,13.00851967,77.44784267,0,43,6.747252,28.52332
2025-06-03T12:31:42.792Z,43,28.52332,58.007,915.02,6.747252,35.881,67.47253,1.263865,158.7909,145.8284,13.00851267,77.44784533,0,86,21.79487,28.51414
2025-06-03T12:32:13.395Z,86,28.51414,58.0317,915.04,21.79487,36.03191,172.6374,1.173866,157.3126,144.4708,13.00851533,77.44783817,0,77,17.52381,28.50908
2025-06-03T12:32:44.245Z,77,28.50908,57.94629,915.06,17.52381,35.72881,146.044,1.24429,155.2719,142.5967,13.0085085,77.44784483,0,88,22.39927,28.50338
2025-06-03T12:33:15.339Z,88,28.50338,57.95196,915.07,22.39927,35.49469,66.26375,1.110447,155.5947,142.8931,13.0084945,77.44784133,0,23,1.871796,28.49547
2025-06-03T12:33:46.485Z,23,28.49547,57.89872,915.06,1.871796,35.13384,18.71796,1.170157,153.8483,141.2893,13.00846167,77.4478245,0,53,9.142858,28.49009
2025-06-03T12:34:17.506Z,53,28.49009,57.85887,915.06,9.142858,34.84241,54.57876,1.943699,154.8744,142.2316,13.0084475,77.4478055,0,45,7.230769,28.48186
2025-06-03T12:34:48.410Z,45,28.48186,57.93576,915.07,7.230769,34.90528,72.30769,1.186836,155.9686,143.2365,13.00847733,77.44779983,0,71,14.48352,28.46604
2025-06-03T12:35:19.246Z,71,28.46604,57.92041,915.09,14.48352,34.60309,144.8352,1.081951,154.8744,142.2316,13.00851483,77.447829,0,76,17.04029,28.46256
2025-06-03T12:35:49.983Z,76,28.46256,57.985,915.09,17.04029,34.39615,103.3333,1.073223,151.111,138.7754,13.00853533,77.44784333,0,74,15.97436,28.46161
2025-06-03T12:36:20.882Z,74,28.46161,58.04348,915.1,15.97436,34.56047,159.7436,1.083702,151.6327,139.2545,13.00854583,77.44784417,0,52,8.941393,28.45496
2025-06-03T12:36:51.606Z,52,28.45496,58.06856,915.1,8.941393,34.75823,65.86082,1.097194,150.8227,138.5106,13.008527,77.44784733,0,58,10.43223,28.44895
2025-06-03T12:37:22.366Z,58,28.44895,58.10677,915.11,10.43223,35.08556,10.65935,1.067765,152.1002,139.6838,13.00852133,77.44784483,0,99,27.95971,28.44769
2025-06-03T12:37:52.930Z,99,28.44769,58.14568,915.1,27.95971,35.45414,51.75824,1.152244,154.7414,142.1095,13.00850567,77.44786833,0,124,38.59707,28.44357
2025-06-03T12:38:24.183Z,124,28.44357,58.1907,915.12,38.59707,35.67562,223.0036,1.25242,154.478,141.8675,13.0085105,77.44788683,1,60,10.83516,28.44199
2025-06-03T12:38:55.304Z,60,28.44199,58.17743,915.1,10.83516,35.45423,56.5934,1.160676,152.6147,140.1563,13.00847683,77.44791233,0,32,4.047618,28.43851
2025-06-03T12:39:26.044Z,32,28.43851,58.19647,915.12,4.047618,35.50808,0,1.186836,153.7739,141.2209,13.0084985,77.44789183,0,54,9.326006,28.43091
2025-06-03T12:39:56.989Z,54,28.43091,58.22794,915.12,9.326006,35.71552,0,1.069582,152.9635,140.4767,13.008501,77.44786317,0,60,10.81685,28.43281
2025-06-03T12:40:27.680Z,60,28.43281,58.2543,915.11,10.81685,35.84806,108.1685,1.155442,149.9073,137.67,13.00849833,77.44788683,0,39,5.838829,28.43471
2025-06-03T12:40:58.611Z,39,28.43471,58.25459,915.12,5.838829,35.70218,27.58242,1.168617,152.706,140.2402,13.00851433,77.44787183,0,43,6.787546,28.43281
2025-06-03T12:41:29.923Z,43,28.43281,58.27387,915.13,6.787546,35.46762,0,1.149499,153.8968,141.3338,13.00851417,77.44784983,0,15,0,28.43534
2025-06-03T12:42:00.604Z,15,28.43534,58.28077,915.13,0,35.24353,0,1.28548,152.1451,139.7251,13.0085235,77.4478465,0,75,16.21612,28.49958
2025-06-04T07:54:33.346Z,75,28.49958,59.94069,916.54,16.21612,32.91362,0,0.821004,144.9433,133.1112,13.008633,77.44736833,0,106,31.10256,28.54578
2025-06-04T07:55:04.482Z,106,28.54578,59.65852,916.53,31.10256,32.42211,141.2088,0.780714,141.9606,130.372,13.008593,77.44770117,1,28,3.000001,28.57363
2025-06-04T07:55:35.537Z,28,28.57363,59.58392,916.51,3.000001,32.13851,0,0.730985,141.094,129.5761,13.00859217,77.44777967,0,51,8.721612,28.5904
2025-06-04T07:56:06.255Z,51,28.5904,59.47488,916.47,8.721612,32.08931,87.21612,0.744391,142.768,131.1134,13.0085545,77.44780517,0,54,9.366299,28.58629
2025-06-04T07:56:38.215Z,54,28.58629,59.25129,916.47,9.366299,31.84169,0,0.800878,145.6819,133.7895,13.0085855,77.447814,0,15,0,28.58154
2025-06-04T07:57:09.134Z,15,28.58154,59.30958,916.44,0,32.09745,0,0.704655,145.4583,133.5842,13.00858717,77.4478205,0,129,40.7326,28.59293
2025-06-04T07:57:40.132Z,129,28.59293,59.49494,916.43,40.7326,32.21186,210.5128,0.854289,145.4762,133.6006,13.00858317,77.44781,1,41,6.344323,28.60876
2025-06-04T07:58:56.174Z,41,28.60876,59.54327,916.42,6.344323,32.94481,63.44323,0.746028,149.899,137.6623,13.0085575,77.44784767,0,46,7.432236,28.57268
2025-06-04T07:59:29.859Z,46,28.57268,59.24269,916.38,7.432236,32.59812,74.32236,0.728022,145.9039,133.9934,13.008656,77.44777617,0,84,20.66667,28.43882
2025-06-04T08:00:01.123Z,84,28.43882,59.72777,916.4,20.66667,34.82332,79.96337,0.78124,146.0567,134.1337,13.00861133,77.44780617,0,71,14.28205,28.54578
2025-06-04T08:00:32.075Z,71,28.54578,58.93741,916.33,14.28205,32.42211,142.8205,0.723642,143.8909,132.1447,13.008595,77.44780867,0,79,18.51282,28.57553
2025-06-04T08:01:02.884Z,79,28.57553,58.22979,916.35,18.51282,31.42911,185.1282,0.796216,145.6875,133.7946,13.008581,77.447812,0,16,0.34066,28.70938
2025-06-04T08:01:33.732Z,16,28.70938,57.46843,916.35,0.34066,29.81593,0,0.710382,140.6224,129.143,13.00859,77.44786667,0,18,0.824175,28.7847
2025-06-04T08:02:37.932Z,18,28.7847,58.00654,916.33,0.824175,30.93701,8.241755,0.720195,146.343,134.3966,13.00861517,77.44797317,0,31,3.765566,28.72268
2025-06-04T08:03:09.045Z,31,28.72268,57.89968,916.34,3.765566,30.25866,37.65566,0.7815,142.3523,130.7317,13.008652,77.44798767,0,137,43.99634,28.64103
2025-06-04T08:08:06.243Z,137,28.64103,56.95879,916.21,43.99634,36.07852,353.1502,0.83519,152.7105,140.2443,0,0,1,75,16.59707,28.66572
2025-06-04T08:08:36.955Z,75,28.66572,56.74866,916.17,16.59707,30.97165,137.1795,0.827901,149.3916,137.1963,0,0,0,15,0,28.72552
2025-06-04T08:09:07.265Z,15,28.72552,56.60204,916.15,0,29.27496,0,0.838636,149.8268,137.5961,0,0,0,15,0,28.79672
2025-06-04T08:09:37.476Z,15,28.79672,56.3796,916.14,0,28.26255,0,0.813598,150.4626,138.18,0,0,0,72,14.86447,28.82046
2025-06-04T08:10:07.987Z,72,28.82046,56.49292,916.16,14.86447,28.09835,1.794887,0.776312,148.6512,136.5164,0,0,0,35,4.692308,28.8502
2025-06-04T08:10:38.507Z,35,28.8502,56.43905,916.13,4.692308,28.01043,0,0.785338,147.2132,135.1958,0,0,0,48,7.996337,28.86444
2025-06-04T08:11:09.019Z,48,28.86444,56.0407,916.13,7.996337,27.58023,0,0.821213,148.3326,136.2238,0,0,0,111,33.72161,28.88026
2025-06-04T08:11:39.624Z,111,28.88026,56.25601,916.1,33.72161,27.26389,62.63737,0.863895,146.9596,134.9629,0,0,1,37,5.216117,28.87995
2025-06-04T08:12:42.405Z,37,28.87995,56.77983,916.01,5.216117,27.63853,0,0.764611,142.5813,130.942,0,0,0,15,0,28.83406
2025-06-04T08:13:13.125Z,15,28.83406,56.7602,916.02,0,27.63329,0,0.768676,143.4493,131.7392,0,0,0,51,8.681319,28.78153
2025-06-04T08:27:38.313Z,51,28.78153,58.41698,915.84,8.681319,31.40299,0,0.889942,170.8728,156.924,0,0,0,64,11.76191,28.88944
2025-06-04T08:28:09.021Z,64,28.88944,58.98887,915.86,11.76191,28.66126,74.72528,0.862336,176.613,162.1956,0,0,0,37,5.377291,28.87868
2025-06-04T08:29:24.798Z,37,28.87868,58.76474,915.85,5.377291,27.06785,53.77291,0.846409,169.2365,155.4213,0,0,0,100,28.16117,28.9657
2025-06-04T08:30:57.652Z,100,28.9657,60.23529,915.81,28.16117,26.68624,135.9707,0.90129,179.1271,164.5045,0,0,0,15,0,28.96729
2025-06-04T08:31:52.664Z,15,28.96729,61.22628,915.82,0,26.87539,0,0.818399,182.5587,167.6559,0,0,0,42,6.40293,28.9483
2025-06-04T08:32:22.973Z,42,28.9483,60.88597,915.83,6.40293,26.34746,15.49451,0.855986,177.4811,162.9929,0,0,0,15,0,28.97203
2025-06-04T08:32:53.380Z,15,28.97203,60.99541,915.84,0,26.39865,0,0.89997,177.9303,163.4054,0,0,0,68,12.97069,28.97583
2025-06-04T08:33:23.894Z,68,28.97583,60.8902,915.83,12.97069,26.48945,36.04395,0.844741,177.9611,163.4336,0,0,0,15,0,28.95115
2025-06-04T08:33:54.420Z,15,28.95115,61.03849,915.82,0,26.40435,0,0.872559,181.5533,166.7326,0,0,0,15,0,28.97457
2025-06-04T08:34:40.803Z,15,28.97457,62.62915,915.8,0,28.04144,0,0.817887,182.9154,167.9835,0,0,0,61,10.95604,28.96128
2025-06-04T08:35:11.411Z,61,28.96128,61.96157,915.79,10.95604,27.54275,93.26006,0.851254,180.4447,165.7145,0,0,0,37,5.216117,29.03121
2025-06-04T08:36:14.197Z,37,29.03121,60.70048,915.79,5.216117,27.22599,0,0.844986,179.5363,164.8803,0,0,0,115,35.21245,28.93406
2025-06-04T08:36:44.913Z,115,28.93406,61.00941,915.78,35.21245,27.50553,194.7985,0.876797,180.9157,166.1471,0,0,1,48,7.934063,28.94292
2025-06-04T08:37:15.428Z,48,28.94292,62.41101,915.77,7.934063,28.1446,37.65566,0.899758,182.1526,167.283,0,0,0,77,17.32235,28.91634
2025-06-04T08:37:45.944Z,77,28.91634,60.9075,915.78,17.32235,27.25839,2.600741,0.8527,180.0652,165.366,0,0,0,15,0,28.91792
2025-06-04T08:38:16.457Z,15,28.91792,60.35323,915.79,0,27.10089,0,0.969886,180.7605,166.0045,0,0,0,17,0.542123,28.98976
2025-06-04T08:41:10.435Z,17,28.98976,58.44797,915.76,0.542123,28.67295,5.421233,0.701706,148.6523,136.5174,0,0,0,125,39.32235,29.11823
2025-06-04T08:41:46.382Z,125,29.11823,58.3104,915.76,39.32235,27.78028,256.4469,0.731086,149.6528,137.4362,0,0,1,30,3.644688,29.03311
2025-06-04T08:42:19.555Z,30,29.03311,57.49653,915.8,3.644688,26.47243,0,0.701614,144.6626,132.8535,0,0,0,82,19.64103,28.99925
2025-06-04T08:42:50.277Z,82,28.99925,57.84939,915.79,19.64103,26.87554,0,0.682898,142.8819,131.2181,0,0,0,49,8.157508,29.00716
2025-06-04T08:43:20.679Z,49,29.00716,57.07711,915.77,8.157508,26.30754,81.57508,0.667171,141.0354,129.5222,0,0,0,54,9.326006,29.00336
2025-06-04T08:43:51.307Z,54,29.00336,56.59064,915.77,9.326006,26.12925,93.26006,0.688626,137.8869,126.6308,0,0,0,15,0,29.02773
2025-06-04T08:44:21.709Z,15,29.02773,56.07072,915.78,0,25.65517,0,0.618502,136.4782,125.3372,0,0,0,15,0,29.05083
2025-06-04T08:44:52.336Z,15,29.05083,56.42936,915.77,0,26.85321,0,0.664333,137.8869,126.6308,0,0,0,70,13.87912,29.03817
2025-06-04T08:45:22.901Z,70,29.03817,56.8029,915.77,13.87912,28.73052,138.7912,0.694433,145.3663,133.4997,0,0,0,20,1.227106,29.24133
2025-06-04T08:50:17.763Z,20,29.24133,55.09694,915.69,1.227106,29.7951,12.27106,0.722154,155.4904,142.7973,0,0,0,15,0,29.13152
2025-06-04T08:50:48.177Z,15,29.13152,55.08768,915.69,0,28.59611,0,0.697246,149.8158,137.586,0,0,0,47,7.593407,29.15178
2025-06-04T08:51:18.486Z,47,29.15178,55.10342,915.7,7.593407,28.42002,0,0.733069,151.1411,138.803,0,0,0,32,4.186811,29.16633
2025-06-04T08:51:48.800Z,32,29.16633,55.31758,915.67,4.186811,28.90173,13.07691,0.723585,149.8894,137.6535,0,0,0,62,11.21978,29.14323
2025-06-04T08:52:19.107Z,62,29.14323,55.46222,915.65,11.21978,28.89503,0,0.706094,154.0769,141.4992,0,0,0,24,2.252748,29.14893
2025-06-04T08:52:49.417Z,24,29.14893,55.36012,915.64,2.252748,28.97799,19.52381,0.710402,154.56,141.9428,0,0,0,89,23.06593,29.12678
2025-06-04T08:53:19.728Z,89,29.12678,55.39553,915.66,23.06593,29.08135,230.6593,0.710382,153.6648,141.1208,0,0,0,15,0,29.09988
2025-06-04T08:53:50.037Z,15,29.09988,55.44314,915.64,0,29.36103,0,0.704527,152.8296,140.3537,0,0,0,15,0,29.0964
2025-06-04T08:54:20.350Z,15,29.0964,55.34616,915.64,0,28.86548,0,0.703076,153.9417,141.375,0,0,0,15,0,29.09229
2025-06-04T08:54:50.482Z,15,29.09229,55.36486,915.61,0,28.94427,0,0.851087,159.2511,146.251,0,0,0,15,0,29.09007
2025-06-04T08:55:20.765Z,15,29.09007,55.24239,915.6,0,28.67142,0,0.872741,159.4966,146.4765,0,0,0,97,26.67033,29.09576
2025-06-04T08:55:51.073Z,97,29.09576,55.69364,915.6,26.67033,30.14899,61.42856,0.894965,162.9697,149.666,0,0,0,93,24.79854,29.09229
2025-06-04T08:56:21.385Z,93,29.09229,55.67381,915.6,24.79854,30.11219,0,0.861963,163.9472,150.5637,0,0,0,45,7.249084,29.08659
2025-06-04T08:56:51.900Z,45,29.08659,55.85344,915.6,7.249084,30.82208,45.71427,0.884929,167.7479,154.0542,0,0,0,70,13.93773,29.10431
2025-06-04T08:57:22.209Z,70,29.10431,55.76575,915.58,13.93773,29.90839,131.5385,0.881825,167.063,153.4252,0,0,0,64,11.663,29.11412
2025-06-04T08:57:52.519Z,64,29.11412,55.88964,915.6,11.663,30.50269,116.63,0.867129,167.9725,154.2605,0,0,0,69,13.75824,29.10905
2025-06-04T08:58:22.833Z,69,29.10905,56.02438,915.6,13.75824,30.70773,137.5824,0.891097,166.6323,153.0296,0,0,0,15,0,29.12108
2025-06-04T08:58:53.141Z,15,29.12108,56.21982,915.6,0,30.24005,0,0.873569,167.293,153.6364,0,0,0,28,3.161172,29.13754
2025-06-04T08:59:23.657Z,28,29.13754,56.2545,915.6,3.161172,29.97392,31.61172,0.925291,168.063,154.3435,0,0,0,20,1.227106,29.13057
2025-06-04T08:59:53.966Z,20,29.13057,56.47975,915.61,1.227106,30.91924,12.27106,0.822598,164.1107,150.7139,0,0,0,66,12.06593,29.11633
2025-06-04T09:00:24.275Z,66,29.11633,56.64592,915.58,12.06593,31.4465,0,0.880392,168.0987,154.3764,0,0,0,24,2.274726,29.12393
2025-06-04T09:00:54.586Z,24,29.12393,56.65998,915.59,2.274726,31.65781,0,0.873604,169.7929,155.9322,0,0,0,21,1.38828,29.09608
2025-06-04T09:01:24.897Z,21,29.09608,56.62356,915.57,1.38828,31.06738,13.8828,0.819438,168.6608,154.8926,0,0,0,73,15.34798,29.08216
2025-06-04T09:01:55.618Z,73,29.08216,56.44038,915.57,15.34798,30.43977,9.450537,0.864027,164.8616,151.4035,0,0,0,124,38.75824,29.0619
2025-06-04T09:02:25.926Z,124,29.0619,56.40511,915.61,38.75824,30.22217,129.5238,0.851562,164.5135,151.0838,0,0,1,15,0,29.04513
2025-06-04T09:02:56.050Z,15,29.04513,56.50614,915.61,0,30.26775,0,0.884037,164.8434,151.3868,0,0,0,59,10.61539,29.04102
2025-06-04T09:03:26.344Z,59,29.04102,56.50554,915.6,10.61539,29.91824,0,0.847951,162.4475,149.1864,0,0,0,16,0.260074,29.02836
2025-06-04T09:03:56.751Z,16,29.02836,56.60075,915.59,0.260074,30.01095,0,0.854406,159.3959,146.3839,0,0,0,77,17.36264,29.02456
2025-06-04T09:04:27.474Z,77,29.02456,56.60667,915.59,17.36264,29.83451,71.50183,0.847878,157.1084,144.2833,13.00853633,77.44793667,0,35,4.710623,29.00463
2025-06-04T09:04:58.485Z,35,29.00463,56.75267,915.58,4.710623,30.5207,22.34433,0.818399,155.7649,143.0494,13.00853583,77.44786333,0,82,19.84249,29.00083
2025-06-04T09:05:29.015Z,82,29.00083,56.89465,915.56,19.84249,31.36982,0,0.84187,159.9046,146.8512,13.00850267,77.44779667,0,16,0.34066,29.00336
2025-06-04T09:05:59.463Z,16,29.00336,57.19984,915.56,0.34066,31.30108,0,0.822677,159.3564,146.3477,13.00850017,77.4477805,0,85,21.19048,29.01064
2025-06-04T09:06:30.136Z,85,29.01064,57.03223,915.53,21.19048,31.64051,73.51647,0.892138,162.4218,149.1628,13.00843283,77.44765183,0,31,3.92674,29.01286
2025-06-04T09:07:01.693Z,31,29.01286,57.06498,915.53,3.92674,31.36123,0,0.831053,161.7539,148.5495,13.00844433,77.4476695,0,68,12.9707,29.0233
2025-06-04T09:07:32.602Z,68,29.0233,57.21576,915.51,12.9707,31.90804,3.809524,0.827412,164.4793,151.0525,13.0085005,77.44779083,0,15,0,29.00463
2025-06-04T09:08:03.522Z,15,29.00463,57.54435,915.51,0,32.82746,0,0.844767,166.6658,153.0604,13.00855117,77.44787567,0,77,17.5055,28.98248
2025-06-04T09:08:34.314Z,77,28.98248,57.20976,915.52,17.5055,31.80816,0,0.851254,167.0902,153.4502,13.00856333,77.447867,0,42,6.545786,28.96602
2025-06-04T09:09:04.963Z,42,28.96602,57.33072,915.5,6.545786,31.48902,65.45786,0.87895,163.3858,150.0482,13.00857167,77.447864,0,23,1.831503,28.95874
2025-06-04T09:09:35.678Z,23,28.95874,57.45308,915.47,1.831503,31.8995,0,0.835181,165.917,152.3728,13.008578,77.44786383,0,21,1.468865,28.97931
2025-06-04T09:10:06.172Z,21,28.97931,57.44962,915.47,1.468865,31.43796,0,0.796181,162.0912,148.8593,13.00856517,77.4478575,0,27,2.919413,28.97552
2025-06-04T09:10:36.918Z,27,28.97552,57.23471,915.47,2.919413,31.05936,0,0.818079,162.5718,149.3006,13.0085455,77.4478495,0,25,2.435897,28.98976
2025-06-04T09:11:07.190Z,25,28.98976,57.3342,915.48,2.435897,31.36104,24.35897,0.88173,161.857,148.6442,13.00851167,77.44781883,0,29,3.28205,29.00779
2025-06-04T09:11:37.523Z,29,29.00779,57.29789,915.44,3.28205,31.78342,32.8205,0.82582,159.7534,146.7123,13.00850633,77.44784717,0,44,6.846153,29.03248
2025-06-04T09:12:08.069Z,44,29.03248,57.23009,915.44,6.846153,31.52281,27.98535,0.859278,158.9033,145.9316,13.008524,77.44787883,0,27,2.87912,29.07235
2025-06-04T09:12:38.523Z,27,29.07235,57.06072,915.43,2.87912,31.31849,0,0.832065,156.3014,143.5421,13.00853667,77.44788817,0,69,13.63736,29.15779
2025-06-04T09:13:48.453Z,69,29.15779,57.07322,915.39,13.63736,31.6326,0,0.802304,156.5214,143.7442,13.00859117,77.44788033,0,27,2.87912,29.14102
2025-06-04T09:14:18.917Z,27,29.14102,56.99942,915.39,2.87912,31.6071,28.7912,0.8724,160.6325,147.5197,13.00856567,77.44793417,0,112,33.8022,29.1657
2025-06-04T09:14:49.424Z,112,29.1657,56.43958,915.37,33.8022,30.18569,176.2637,0.846409,154.7433,142.1112,13.0085855,77.44790983,1,26,2.758242,29.16317
2025-06-04T09:15:20.232Z,26,29.16317,56.47155,915.34,2.758242,29.02267,27.58242,0.869249,153.6354,141.0937,13.00856083,77.44788833,0,48,7.835166,29.13184
2025-06-04T09:15:50.850Z,48,29.13184,56.79713,915.34,7.835166,29.40933,78.35166,0.814829,149.8988,137.6621,13.0085155,77.44788533,0,73,15.65201,29.14956
2025-06-04T09:16:21.393Z,73,29.14956,56.84509,915.33,15.65201,29.09065,156.5201,0.802449,148.3305,136.2219,13.0085555,77.4478235,0,113,14.68498,28.84514
2025-06-04T09:26:42.259Z,113,28.84514,57.57288,915.12,14.68498,44.59839,0,0.875975,165.3023,151.8082,0,0,1,112,2.838827,28.87805
2025-06-04T09:27:12.576Z,112,28.87805,57.22691,915.11,2.838827,36.56479,28.38827,0.901608,162.3144,149.0643,0,0,1,112,8.681319,28.91254
2025-06-04T09:27:43.289Z,112,28.91254,57.08922,915.1,8.681319,33.91593,0,0.802293,161.0302,147.8849,0,0,1,112,0,28.94767
2025-06-04T09:28:13.698Z,112,28.94767,56.91281,915.08,0,32.57425,0,0.802345,161.7855,148.5785,0,0,1,112,22.92308,28.99608
2025-06-04T09:28:44.065Z,112,28.99608,56.66726,915.11,22.92308,32.13834,46.11723,0.834391,163.6274,150.2701,0,0,1,112,22.07693,29.02963
2025-06-04T09:29:15.547Z,112,29.02963,56.60094,915.12,22.07693,31.53979,126.3004,0.890375,164.3714,150.9533,0,0,1,113,7.271062,29.00305
2025-06-04T09:31:50.185Z,113,29.00305,56.26086,915.1,7.271062,31.33498,72.71062,0.811625,166.1303,152.5686,0,0,1,113,4.871794,29.08184
2025-06-04T09:32:20.687Z,113,29.08184,55.95594,915.1,4.871794,30.07534,7.4359,0.855951,165.3135,151.8185,0,0,1,112,6.70696,29.12741
2025-06-04T09:32:51.002Z,112,29.12741,55.82708,915.09,6.70696,28.93445,67.0696,0.857467,163.9251,150.5435,0,0,1,112,17.06227,29.14545
2025-06-04T09:33:21.153Z,112,29.14545,55.82324,915.09,17.06227,29.08107,170.6227,0.87188,162.8391,149.5461,0,0,1,112,20.30403,29.16222
2025-06-04T09:33:51.414Z,112,29.16222,55.5422,915.1,20.30403,28.51899,71.09891,0.844986,160.2956,147.2102,0,0,1,112,7.531136,29.10842
2025-06-04T09:34:21.553Z,112,29.10842,55.63105,915.1,7.531136,28.33392,3.003669,0.859067,163.5177,150.1693,0,0,1,111,11.2381,29.12551
2025-06-04T09:34:51.826Z,111,29.12551,55.56267,915.12,11.2381,27.67018,94.06595,0.810132,158.3105,145.3872,0,0,1,112,0,29.0752
2025-06-04T09:35:21.942Z,112,29.0752,55.5297,915.11,0,27.20969,0,0.85136,160.225,147.1454,0,0,1,112,25.94506,29.1081
2025-06-04T09:35:52.247Z,112,29.1081,55.40573,915.11,25.94506,27.85931,80.36629,0.852829,160.9965,147.8539,0,0,1,112,6.747252,29.12646
2025-06-04T09:36:22.359Z,112,29.12646,55.40836,915.1,6.747252,28.43538,0,0.712759,163.339,150.0052,0,0,1,112,0,29.13152
2025-06-04T09:36:52.557Z,112,29.13152,55.40907,915.09,0,27.94296,0,0.835205,163.5533,150.202,0,0,1,112,35.29304,29.13311
2025-06-04T09:37:22.867Z,112,29.13311,55.35785,915.07,35.29304,28.09308,34.43224,0.846496,163.2287,149.9039,0,0,1,112,16.75824,29.10621
2025-06-04T09:37:53.382Z,112,29.10621,55.42475,915.06,16.75824,27.68083,0.989002,0.825788,161.0345,147.8888,0,0,1,112,13.33333,29.08944
2025-06-04T09:38:23.692Z,112,29.08944,55.66052,915.05,13.33333,27.92207,126.7033,0.861025,164.0176,150.6284,0,0,1,112,8.681319,29.00051
2025-06-04T09:38:54.003Z,112,29.00051,56.13134,915.05,8.681319,28.29824,86.81319,0.848115,161.9828,148.7597,0,0,1,112,0,28.98311
2025-06-04T09:39:24.316Z,112,28.98311,56.18693,915.04,0,28.12918,0,0.776131,161.4108,148.2344,0,0,1,112,1.509158,28.97899
2025-06-04T09:39:54.474Z,112,28.97899,56.23154,915.04,1.509158,28.29308,0,0.805514,162.2397,148.9956,0,0,1,112,0,28.97868
2025-06-04T09:40:24.729Z,112,28.97868,56.43182,915.04,0,28.51606,0,0.80545,163.9847,150.5982,0,0,1,112,0,29.01507
2025-06-04T09:40:55.043Z,112,29.01507,56.47591,915.07,0,28.51105,0,0.785497,162.1617,148.924,0,0,1,113,19.05494,29.02615
2025-06-04T09:41:25.557Z,113,29.02615,56.52279,915.08,19.05494,30.12934,86.41026,0.849508,166.1649,152.6004,0,0,1,113,19.41758,29.05906
2025-06-04T09:41:55.865Z,113,29.05906,56.24313,915.09,19.41758,28.48068,177.4725,0.867129,165.4855,151.9765,0,0,1,112,16.45787,29.10178
2025-06-04T09:42:26.019Z,112,29.10178,56.04914,915.07,16.45787,28.48085,0,0.861093,161.7886,148.5814,0,0,1,112,4.410256,29.11032
2025-06-04T09:42:56.280Z,112,29.11032,55.88265,915.06,4.410256,28.79064,0,0.843719,163.7949,150.4239,0,0,1,112,0,29.10367
2025-06-04T09:43:26.743Z,112,29.10367,55.93974,915.07,0,29.12989,0,0.813321,164.2682,150.8585,0,0,1,112,7.956044,29.10463
2025-06-04T09:43:57.439Z,112,29.10463,55.68848,915.07,7.956044,28.76592,79.56044,0.788397,162.7568,149.4705,13.00850517,77.447881,1,112,5.498169,29.13374
2025-06-04T09:44:27.811Z,112,29.13374,55.29363,915.05,5.498169,28.50599,0,0.83787,161.8294,148.6188,13.0085495,77.44779567,1,112,6.948717,29.12076
2025-06-04T09:44:58.355Z,112,29.12076,55.29821,915.04,6.948717,29.32316,69.48717,0.836767,162.3883,149.1321,13.00851183,77.44788483,1,112,12.16483,29.13026
2025-06-04T09:45:29.035Z,112,29.13026,55.1389,915.01,12.16483,28.89446,16.30036,0.822584,160.8423,147.7123,13.00850317,77.44788133,1,112,0.985349,29.13184
2025-06-04T09:45:59.368Z,112,29.13184,55.1327,915.03,0.985349,28.83586,0,0.79935,159.9098,146.8559,13.00851967,77.4477295,1,112,31.70696,29.12899
2025-06-04T09:46:29.941Z,112,29.12899,55.06807,915.01,31.70696,28.96823,158.5348,0.835205,159.4771,146.4585,13.00848883,77.4476805,1,112,16.41758,29.15557
2025-06-04T09:47:00.411Z,112,29.15557,55.11681,915.01,16.41758,29.59968,164.1758,0.826461,160.3288,147.2407,13.00858717,77.44787767,1,112,6.747252,29.17266
2025-06-04T09:47:30.902Z,112,29.17266,55.06144,915.01,6.747252,29.27498,0,0.815003,161.854,148.6414,13.00855833,77.44787917,1,112,18.27106,29.17013
2025-06-04T09:48:01.224Z,112,29.17013,55.13174,915,18.27106,29.11052,0,0.87203,162.2928,149.0444,13.00859933,77.44792483,1,112,16.55677,29.185
2025-06-04T09:48:31.820Z,112,29.185,55.15956,915.01,16.55677,28.94116,132.7472,0.81633,159.1583,146.1658,13.008599,77.4478785,1,111,3.725274,29.18089
2025-06-04T09:49:02.355Z,111,29.18089,55.01768,915.01,3.725274,28.8056,0,0.824266,158.3517,145.425,13.00857267,77.44786533,1,111,0,29.17488
2025-06-04T09:49:33.069Z,111,29.17488,55.47964,915.03,0,28.92459,0,0.707687,157.3611,144.5153,13.0086285,77.44783383,1,111,11.13919,29.15969
2025-06-04T09:50:03.403Z,111,29.15969,55.93492,915.05,11.13919,29.32318,111.3919,0.831333,155.6814,142.9727,13.008619,77.44782083,1,111,6.626375,29.13754
2025-06-04T09:50:34.082Z,111,29.13754,56.05432,915.03,6.626375,29.87166,0,0.826461,157.2214,144.387,13.00862033,77.447787,1,111,5.095239,29.13089
2025-06-04T09:51:04.442Z,111,29.13089,55.95011,915.05,5.095239,30.2131,0,0.73642,157.0703,144.2482,13.008624,77.44781633,1,111,2.776557,29.13722
2025-06-04T09:51:34.928Z,111,29.13722,56.29969,915.04,2.776557,30.02021,23.95604,0.78072,154.7001,142.0715,13.00858067,77.44782483,1,111,29.95604,29.12361
2025-06-04T09:52:05.431Z,111,29.12361,56.3171,915.04,29.95604,30.15822,299.5604,0.810106,155.613,142.9099,13.00860617,77.44775267,1,111,0,29.12361
2025-06-04T09:52:35.925Z,111,29.12361,56.5499,915.04,0,30.53864,0,0.71034,157.4463,144.5935,13.00857733,77.44787033,1,111,3.824174,29.12931
2025-06-04T09:53:06.482Z,111,29.12931,56.46663,914.97,3.824174,30.58336,33.22343,0.79149,156.5197,143.7426,13.008585,77.44784533,1,114,24.97802,28.24041
2025-06-05T04:59:58.897Z,114,28.24041,60.15144,908.71,24.97802,54.11443,249.1942,1.550988,172.7421,158.6407,13.03149067,77.56463017,1,113,38.07326,28.40686
2025-06-05T05:00:30.164Z,113,28.40686,59.32268,908.68,38.07326,47.51345,291.9048,1.48861,169.1408,155.3333,13.0314065,77.56465033,1,113,30.73993,28.49926
2025-06-05T05:01:01.242Z,113,28.49926,57.84719,908.69,30.73993,41.77717,104.1392,1.494518,168.5159,154.7595,13.03140183,77.56465033,1,113,40.77289,28.56161
2025-06-05T05:01:32.646Z,113,28.56161,57.42726,908.66,40.77289,37.22422,144.8352,1.516683,166.3271,152.7494,13.03136633,77.5646645,1,113,13.77656,28.58249
2025-06-05T05:02:03.917Z,113,28.58249,57.20961,908.63,13.77656,33.67004,80.76923,1.41874,165.5881,152.0706,13.031447,77.56466417,1,112,6.06227,28.58755
2025-06-05T05:02:36.291Z,112,28.58755,57.06118,908.6,6.06227,31.00718,0,1.33212,164.4031,150.9824,13.031494,77.56466367,1,112,33.43956,28.57869
2025-06-05T05:03:27.415Z,112,28.57869,57.20258,908.6,33.43956,29.01266,222.1978,1.546949,164.2845,150.8735,13.031472,77.56466433,1,112,32.69597,28.548
2025-06-05T05:03:41.858Z,112,28.548,56.84808,908.59,32.69597,27.75455,0,1.395905,163.8952,150.516,13.03139183,77.56467367,1,112,12.54945,28.54642
2025-06-05T05:04:12.519Z,112,28.54642,56.97741,908.57,12.54945,26.70872,0,1.375451,163.554,150.2026,13.03129417,77.56468833,1,114,17,28.30307
2025-06-05T05:08:16.893Z,114,28.30307,58.03312,908.53,17,26.90855,167.8022,1.397974,170.4576,156.5427,0,0,1,113,16.59707,28.39642
2025-06-05T05:08:48.214Z,113,28.39642,57.79302,908.56,16.59707,25.79704,63.44323,1.452026,168.6427,154.8759,0,0,1,113,16.27472,28.42933
2025-06-05T05:09:21.777Z,113,28.42933,57.70679,908.57,16.27472,25.14317,56.5934,1.498738,168.6111,154.8469,0,0,1,113,26.30769,28.43503
2025-06-05T05:09:52.361Z,113,28.43503,57.69462,908.58,26.30769,24.73503,178.2784,1.478037,167.7037,154.0136,0,0,1,113,32.23077,28.45117
2025-06-05T05:10:22.644Z,113,28.45117,57.65799,908.58,32.23077,24.46386,67.47253,1.475968,167.9333,154.2244,0,0,1,119,42.94872,28.28693
2025-06-05T05:15:15.316Z,119,28.28693,60.13874,908.5,42.94872,37.79156,81.17215,1.430215,176.7007,162.2762,0,0,1,114,14.94505,28.19326
2025-06-05T05:15:46.222Z,114,28.19326,58.68872,908.46,14.94505,27.40912,125.4945,1.464633,171.7317,157.7128,0,0,1,113,31.90842,28.25212
2025-06-05T05:16:16.737Z,113,28.25212,58.18195,908.53,31.90842,25.86135,153.6996,1.496461,168.7658,154.989,0,0,1,113,26.2674,28.28282
2025-06-05T05:16:47.255Z,113,28.28282,57.79582,908.55,26.2674,24.88452,210.1099,1.498579,166.9956,153.3633,0,0,1,113,20.5055,28.31098
2025-06-05T05:17:18.386Z,113,28.31098,57.94313,908.57,20.5055,24.3682,5.824191,1.657269,166.7668,153.1532,0,0,1,112,9.989011,28.5904
2025-06-05T05:17:50.805Z,112,28.5904,57.89318,908.76,9.989011,23.97383,67.0696,1.535939,163.2307,149.9057,0,0,1,124,45.12454,28.93786
2025-06-05T05:18:21.522Z,124,28.93786,56.21914,908.74,45.12454,23.47658,292.3077,1.502882,162.7502,149.4645,0,0,1,112,29.45055,29.24829
2025-06-05T05:18:52.338Z,112,29.24829,54.73854,908.75,29.45055,22.92283,28.38827,1.465671,162.536,149.2677,0,0,1,111,39.24176,32.14762
2025-06-05T05:19:24.006Z,111,32.14762,48.79366,909.07,39.24176,24.18832,208.9011,1.659459,157.6878,144.8154,0,0,1,112,7.029305,30.82643
2025-06-05T05:19:54.857Z,112,30.82643,50.30652,908.66,7.029305,22.9506,70.29305,1.569011,160.3497,147.2599,13.0314765,77.5645605,1,111,8.820513,30.09606
2025-06-05T05:20:25.847Z,111,30.09606,51.72513,908.63,8.820513,22.53643,31.61172,1.437451,157.318,144.4758,13.03146933,77.56460183,1,111,8.820513,30.09606